{"cameraMode":{"drawMode":0,"name":"Shaded","section":"Shading Mode"},"sceneLighting":false,"audioPlay":false,"sceneViewState":{"showFog":true,"showMaterialUpdate":false,"showSkybox":false,"showFlares":true,"showImageEffects":true,"showParticleSystems":true,"showVisualEffectGraphs":true,"m_FxEnabled":true},"in2DMode":false,"pivot":{"x":0.3288121223449707,"y":5.228781700134277,"z":1.1621956825256348},"rotation":{"x":0.07202013581991196,"y":0.42035725712776186,"z":-0.03347032144665718,"w":0.9038985371589661},"size":3.1321849822998049,"orthographic":false}