{"cameraMode":{"drawMode":0,"name":"Shaded","section":"Shading Mode"},"sceneLighting":false,"audioPlay":false,"sceneViewState":{"showFog":true,"showMaterialUpdate":false,"showSkybox":false,"showFlares":true,"showImageEffects":true,"showParticleSystems":true,"showVisualEffectGraphs":true,"m_FxEnabled":true},"in2DMode":false,"pivot":{"x":0.0476832389831543,"y":0.24669325351715089,"z":-0.008720636367797852},"rotation":{"x":0.05796881765127182,"y":-0.9135153293609619,"z":0.14030511677265168,"w":0.37742456793785097},"size":0.9393967986106873,"orthographic":false}