{"cameraMode":{"drawMode":0,"name":"Shaded","section":"Shading Mode"},"sceneLighting":false,"audioPlay":false,"sceneViewState":{"showFog":true,"showMaterialUpdate":false,"showSkybox":false,"showFlares":true,"showImageEffects":true,"showParticleSystems":true,"showVisualEffectGraphs":true,"m_FxEnabled":true},"in2DMode":false,"pivot":{"x":0.018002957105636598,"y":0.049983762204647067,"z":-0.010709583759307862},"rotation":{"x":0.09273088723421097,"y":-0.053740452975034717,"z":0.005012122914195061,"w":0.9942289590835571},"size":0.3186531662940979,"orthographic":false}