{"cameraMode":{"drawMode":0,"name":"Shaded","section":"Shading Mode"},"sceneLighting":false,"audioPlay":false,"sceneViewState":{"showFog":true,"showMaterialUpdate":false,"showSkybox":false,"showFlares":true,"showImageEffects":true,"showParticleSystems":true,"showVisualEffectGraphs":true,"m_FxEnabled":true},"in2DMode":false,"pivot":{"x":0.15767109394073487,"y":-0.460881769657135,"z":-2.1229279041290285},"rotation":{"x":-0.0006452872767113149,"y":0.9990646243095398,"z":0.016487199813127519,"w":0.040484197437763217},"size":2.0364997386932375,"orthographic":false}