{"cameraMode":{"drawMode":0,"name":"Shaded","section":"Shading Mode"},"sceneLighting":false,"audioPlay":false,"sceneViewState":{"showFog":true,"showMaterialUpdate":false,"showSkybox":false,"showFlares":true,"showImageEffects":true,"showParticleSystems":true,"showVisualEffectGraphs":true,"m_FxEnabled":true},"in2DMode":false,"pivot":{"x":-0.010873198509216309,"y":0.3578789532184601,"z":0.09996247291564942},"rotation":{"x":-0.018042823299765588,"y":0.9565535187721252,"z":-0.0606401152908802,"w":-0.28461378812789919},"size":1.0407634973526,"orthographic":false}