{"cameraMode":{"drawMode":0,"name":"Shaded","section":"Shading Mode"},"sceneLighting":false,"audioPlay":false,"sceneViewState":{"showFog":true,"showMaterialUpdate":false,"showSkybox":false,"showFlares":true,"showImageEffects":true,"showParticleSystems":true,"showVisualEffectGraphs":true,"m_FxEnabled":true},"in2DMode":false,"pivot":{"x":0.025881648063659669,"y":1.1180278062820435,"z":0.4117828607559204},"rotation":{"x":0.10887183994054795,"y":-0.5825842618942261,"z":0.07913018763065338,"w":0.8015527129173279},"size":0.90739506483078,"orthographic":false}