{"cameraMode":{"drawMode":0,"name":"Shaded","section":"Shading Mode"},"sceneLighting":false,"audioPlay":false,"sceneViewState":{"showFog":true,"showMaterialUpdate":false,"showSkybox":false,"showFlares":true,"showImageEffects":true,"showParticleSystems":true,"showVisualEffectGraphs":true,"m_FxEnabled":true},"in2DMode":false,"pivot":{"x":-0.13727271556854249,"y":0.2228497564792633,"z":0.15745815634727479},"rotation":{"x":0.07513168454170227,"y":-0.7900477647781372,"z":0.09887214750051499,"w":0.600343644618988},"size":0.8255093693733215,"orthographic":false}